,rmse,mae,pnsr,ssim,ms_ssim,std,Date,bathy,Tide,Hs_m,Tp_m,Dir_m,rip
0,0.38502955,0.3252712,27.005299,0.8829798,0.94792044,1.4546629e-08,2017-03-25 06:45:00,2017-03-27,1.3017,1.169999973848462,10.909999756142495,322.5,1
1,0.37371323,0.30644107,27.264412,0.86980927,0.9417119,1.3844243e-08,2017-03-25 07:15:00,2017-03-27,1.1973,1.179999973624945,10.99999975413084,322.5,1
2,0.36265704,0.29701918,27.525257,0.8716184,0.94549465,1.4244108e-08,2017-03-25 07:45:00,2017-03-27,1.1612,1.179999973624945,10.99999975413084,322.5,1
3,0.3826333,0.31520814,27.059526,0.8586779,0.9358334,1.386482e-08,2017-03-25 08:00:00,2017-03-27,1.187,1.219999972730875,11.159999750554562,322.5,1
4,0.399612,0.3307516,26.68241,0.88828,0.9460171,1.4651334e-08,2017-03-25 08:15:00,2017-03-27,1.2397,1.219999972730875,11.159999750554562,322.5,1
5,0.404043,0.33241022,26.58663,0.8908735,0.94628406,1.46077355e-08,2017-03-25 08:30:00,2017-03-27,1.2913,1.219999972730875,11.159999750554562,322.5,1
6,0.38555646,0.32649428,26.993422,0.9130734,0.9592656,1.4419584e-08,2017-03-25 08:45:00,2017-03-27,1.3749,1.219999972730875,11.159999750554562,322.5,1
7,0.37779108,0.30919957,27.170147,0.901412,0.9516835,1.4185105e-08,2017-03-25 09:00:00,2017-03-27,1.4427,1.1899999734014273,11.099999751895666,322.5,1
8,0.41635212,0.3301512,26.325966,0.90890366,0.95416707,1.4454827e-08,2017-03-25 09:30:00,2017-03-27,1.6765,1.1899999734014273,11.099999751895666,322.5,1
9,0.50740874,0.4190818,24.608023,0.8317127,0.9376732,1.4927167e-08,2017-03-25 09:45:00,2017-03-27,1.8129,1.1899999734014273,11.099999751895666,322.5,1
10,0.47327676,0.36858094,25.212877,0.8547623,0.94425523,1.3940081e-08,2017-03-25 10:00:00,2017-03-27,1.9739,1.1899999734014273,11.109999751672149,322.5,1
11,0.60889125,0.5000523,23.024387,0.7684275,0.926537,1.5870654e-08,2017-03-25 10:15:00,2017-03-27,2.1179,1.1899999734014273,11.109999751672149,322.5,1
12,0.6248526,0.511941,22.79963,0.7083329,0.90486306,1.4554502e-08,2017-03-25 10:30:00,2017-03-27,2.2811,1.1899999734014273,11.109999751672149,322.5,1
13,0.7246719,0.60518265,21.512352,0.67467296,0.8945963,1.6303574e-08,2017-03-25 10:45:00,2017-03-27,2.443,1.1899999734014273,11.109999751672149,322.5,1
14,0.8437588,0.6987265,20.190815,0.6429709,0.87753195,1.8597945e-08,2017-03-25 11:00:00,2017-03-27,2.5936,1.219999972730875,11.029999753460288,322.5,1
15,0.73239845,0.59103763,21.420233,0.70451516,0.89307916,1.5777005e-08,2017-03-27 07:00:00,2017-03-27,1.535,0.8499999810010195,12.179999727755783,307.5,1
16,0.5778617,0.44454432,23.478703,0.7551266,0.9028553,1.2845305e-08,2017-03-27 07:15:00,2017-03-27,1.3375,0.8499999810010195,12.179999727755783,307.5,1
17,0.4911078,0.41146222,24.891644,0.85394144,0.93609846,1.7550803e-08,2017-03-27 10:30:00,2017-03-27,1.0503,0.8199999816715717,12.039999730885029,307.5,1
18,0.48828626,0.40801924,24.94169,0.8589023,0.93496525,1.697697e-08,2017-03-27 10:45:00,2017-03-27,1.2278,0.8199999816715717,12.039999730885029,307.5,1
19,0.45108137,0.37054372,25.630083,0.86701363,0.9384699,1.6520403e-08,2017-03-27 11:00:00,2017-03-27,1.424,0.8199999816715717,12.029999731108546,307.5,1
20,0.50670993,0.4123096,24.619993,0.8407146,0.9258797,1.6902675e-08,2017-03-27 11:30:00,2017-03-27,1.8773,0.8199999816715717,12.029999731108546,307.5,1
21,0.5288664,0.42941356,24.24826,0.83050704,0.9155772,1.5849963e-08,2017-03-27 11:45:00,2017-03-27,2.1033,0.8199999816715717,12.029999731108546,307.5,1
22,0.50817776,0.41675764,24.594868,0.8115681,0.9141081,1.5450098e-08,2017-03-27 12:15:00,2017-03-27,2.544,0.7999999821186066,12.029999731108546,307.5,1
23,0.3836522,0.29133773,27.036427,0.83648163,0.9222508,1.0590554e-08,2017-03-27 13:45:00,2017-03-27,3.7889,0.789999982342124,15.049999663606286,307.5,1
24,0.39952382,0.30928993,26.684328,0.83061343,0.9272304,1.0151467e-08,2017-03-27 14:00:00,2017-03-27,3.9253,0.7799999825656414,15.119999662041664,307.5,1
25,0.44913363,0.3561282,25.66767,0.82140994,0.91915166,1.1011679e-08,2017-03-27 14:15:00,2017-03-27,4.0554,0.7799999825656414,15.119999662041664,307.5,1
26,0.3777442,0.28622788,27.171225,0.814867,0.9197037,9.109328e-09,2017-03-27 14:30:00,2017-03-27,4.1492,0.7799999825656414,15.119999662041664,307.5,1
27,0.39346734,0.31749898,26.817009,0.8115867,0.92062676,1.1095892e-08,2017-03-27 14:45:00,2017-03-27,4.2339,0.7799999825656414,15.119999662041664,307.5,1
28,0.42090252,0.33775675,26.23155,0.79640335,0.9179728,1.1209011e-08,2017-03-27 15:00:00,2017-03-27,4.275,0.7799999825656414,15.049999663606286,307.5,1
29,0.3619182,0.28842157,27.542973,0.82432956,0.92196804,1.0652258e-08,2017-03-27 15:15:00,2017-03-27,4.286,0.7799999825656414,15.049999663606286,307.5,1
30,0.3648671,0.29483742,27.472486,0.8137062,0.92020243,1.0666469e-08,2017-03-27 15:30:00,2017-03-27,4.2693,0.7799999825656414,15.049999663606286,307.5,1
31,0.37941515,0.29812133,27.132889,0.80236894,0.91541255,1.0054009e-08,2017-03-27 15:45:00,2017-03-27,4.2325,0.7799999825656414,15.049999663606286,307.5,1
32,0.3861478,0.2905578,26.98011,0.8426502,0.922802,9.959507e-09,2017-03-27 16:00:00,2017-03-27,4.1481,0.7799999825656414,14.699999671429396,307.5,1
33,0.37545586,0.2968715,27.224003,0.84146065,0.9257861,1.0525696e-08,2017-03-27 16:15:00,2017-03-27,4.0644,0.7799999825656414,14.699999671429396,307.5,1
34,0.40907612,0.31847662,26.4791,0.8340487,0.92520726,1.2286591e-08,2017-03-27 16:30:00,2017-03-27,3.9268,0.7799999825656414,14.699999671429396,307.5,1
35,0.42379484,0.33697876,26.172068,0.8155769,0.92105794,1.1781822e-08,2017-03-27 16:45:00,2017-03-27,3.781,0.7799999825656414,14.699999671429396,307.5,1
36,0.42530277,0.3335761,26.141216,0.8091911,0.9188999,1.2615544e-08,2017-03-27 17:00:00,2017-03-27,3.6133,0.7999999821186066,14.569999674335122,307.5,1
37,0.8287204,0.6939403,20.347021,0.6770478,0.8700326,1.5305062e-08,2017-03-27 17:15:00,2017-03-27,3.4289,0.7999999821186066,14.569999674335122,307.5,1
38,0.5909631,0.46992123,23.283974,0.795756,0.9114479,1.6338532e-08,2017-03-27 17:30:00,2017-03-27,3.2201,0.7999999821186066,14.569999674335122,307.5,1
39,0.636659,0.53897333,22.637043,0.7573579,0.8944764,1.462945e-08,2017-03-27 17:45:00,2017-03-27,3.0065,0.7999999821186066,14.569999674335122,307.5,1
40,0.6460329,0.5502442,22.510088,0.7484837,0.89791816,1.65102e-08,2017-03-27 18:00:00,2017-03-27,2.7667,0.8099999818950891,14.47999967634678,307.5,1
41,0.54132336,0.45600545,24.046045,0.78264457,0.9159326,1.540326e-08,2017-03-27 18:15:00,2017-03-27,2.5201,0.8099999818950891,14.47999967634678,307.5,1
42,0.81736344,0.6964959,20.466877,0.6605799,0.87198704,1.7972923e-08,2017-03-29 05:45:00,2017-03-27,4.0021,0.9999999776482582,11.019999753683804,291.9,1
43,0.62406874,0.52769387,22.810534,0.7692424,0.90533715,1.762416e-08,2017-03-29 06:30:00,2017-03-27,3.3389,0.9999999776482582,10.889999756589532,291.9,1
44,0.5469565,0.44647613,23.956125,0.7998807,0.9096771,1.5495544e-08,2017-03-29 06:45:00,2017-03-27,3.0816,0.9999999776482582,10.889999756589532,291.9,1
45,0.6266157,0.52281976,22.775156,0.7827537,0.9071969,1.7537218e-08,2017-03-29 07:00:00,2017-03-27,2.7917,0.9199999794363976,10.279999770224094,291.2,1
46,0.48206797,0.39260346,25.053015,0.8491646,0.93677795,1.6642446e-08,2017-03-29 07:15:00,2017-03-27,2.5038,0.9199999794363976,10.279999770224094,291.2,1
47,0.5005734,0.40082088,24.725826,0.87356436,0.9385917,1.569444e-08,2017-03-29 07:30:00,2017-03-27,2.21,0.9199999794363976,10.279999770224094,291.2,1
48,0.52550596,0.43512368,24.303627,0.8114472,0.9181506,1.5239948e-08,2017-03-29 08:00:00,2017-03-27,1.6349,0.909999979659915,9.9899997767061,277.5,1
49,0.46496478,0.39067993,25.36678,0.8160675,0.9226687,1.5705723e-08,2017-03-29 08:15:00,2017-03-27,1.3798,0.909999979659915,9.9899997767061,277.5,1
50,0.4771318,0.4095457,25.142414,0.7895738,0.9130805,1.5684321e-08,2017-03-29 08:30:00,2017-03-27,1.1392,0.909999979659915,9.9899997767061,277.5,1
51,0.49506155,0.39468098,24.821997,0.7601787,0.90111655,1.1352455e-08,2017-03-29 12:15:00,2017-03-27,1.1224,0.9899999778717756,18.8899995777756,277.5,1
52,0.551521,0.45267987,23.88394,0.7374457,0.8885183,1.058666e-08,2017-03-29 12:30:00,2017-03-27,1.3851,0.9899999778717756,18.8899995777756,277.5,1
53,0.4654969,0.35670173,25.356846,0.8120155,0.91865706,1.0446172e-08,2017-03-29 12:45:00,2017-03-27,1.6493,0.9899999778717756,18.8899995777756,277.5,1
54,0.4138011,0.32301188,26.379349,0.8358274,0.9333002,9.737278e-09,2017-03-29 13:00:00,2017-03-27,1.9421,1.0699999760836365,18.89999957755208,277.5,1
55,0.4285741,0.3104981,26.074663,0.86667037,0.9326049,1.0190718e-08,2017-03-29 13:30:00,2017-03-27,2.4753,1.0699999760836365,18.89999957755208,277.5,1
56,0.478933,0.34345683,25.109686,0.8369117,0.91840017,1.14366685e-08,2017-03-29 13:45:00,2017-03-27,2.737,1.0699999760836365,18.89999957755208,277.5,1
57,0.42790207,0.30868012,26.088293,0.81833,0.91537094,1.0775977e-08,2017-03-29 14:00:00,2017-03-27,2.9911,1.1599999740719795,18.78999958001077,277.5,1
58,0.42630225,0.31288218,26.120829,0.7841743,0.90789104,9.673215e-09,2017-03-29 14:15:00,2017-03-27,3.2449,1.1599999740719795,18.78999958001077,277.5,1
59,0.47413728,0.35047114,25.197098,0.7459346,0.8938641,8.82676e-09,2017-03-29 14:30:00,2017-03-27,3.4881,1.1599999740719795,18.78999958001077,277.5,1
60,0.45332778,0.35275242,25.586935,0.78369504,0.91971385,1.1857026e-08,2017-03-29 14:45:00,2017-03-27,3.7173,1.1599999740719795,18.78999958001077,277.5,1
61,0.42040884,0.31807008,26.241745,0.7764556,0.91001904,1.0625087e-08,2017-03-29 15:15:00,2017-03-27,4.0649,1.2599999718368051,18.519999586045746,277.5,1
62,0.4409131,0.33741915,25.828121,0.7616876,0.9074965,1.066698e-08,2017-03-29 15:30:00,2017-03-27,4.2018,1.2599999718368051,18.519999586045746,277.5,1
63,0.43132898,0.32737774,26.019009,0.7446345,0.9050916,1.0051593e-08,2017-03-29 15:45:00,2017-03-27,4.3152,1.2599999718368051,18.519999586045746,277.5,1
64,0.4967134,0.39157757,24.793064,0.7471029,0.9078981,1.2224973e-08,2017-03-29 16:00:00,2017-03-27,4.4061,1.3499999698251486,18.11999959498644,277.5,1
65,0.42527926,0.33423865,26.141697,0.77379227,0.91657263,1.1353194e-08,2017-03-29 16:15:00,2017-03-27,4.4633,1.3499999698251486,18.11999959498644,277.5,1
66,0.54013103,0.43722343,24.065199,0.72819704,0.9005959,1.2575612e-08,2017-03-29 16:30:00,2017-03-27,4.475,1.3499999698251486,18.11999959498644,277.5,1
67,0.6779946,0.5541917,22.090656,0.7151641,0.8965262,1.3799848e-08,2017-03-29 17:30:00,2017-03-27,4.2018,1.4299999680370092,17.81999960169196,277.5,1
68,0.65191317,0.55662704,22.431387,0.730273,0.90082514,1.5945346e-08,2017-03-29 17:45:00,2017-03-27,4.0876,1.4299999680370092,17.81999960169196,277.5,1
69,0.5879742,0.48140353,23.328016,0.7291843,0.8935664,1.5958307e-08,2017-03-29 18:00:00,2017-03-27,3.9275,1.499999966472387,17.65999960526824,277.5,1
70,0.5070112,0.4245509,24.61483,0.77357864,0.91232526,1.5824526e-08,2017-03-29 18:15:00,2017-03-27,3.7621,1.499999966472387,17.65999960526824,277.5,1
71,0.49849862,0.41529545,24.761902,0.78938293,0.91824615,1.5194615e-08,2017-03-29 18:30:00,2017-03-27,3.5595,1.499999966472387,17.65999960526824,277.5,1
72,0.5515131,0.40370512,24.73763,0.6896468,0.9076622,1.2557905e-08,2018-01-28 07:30:00,2018-01-31,1.37,1.4399999678134918,10.669999761506917,307.5,1
73,0.5573411,0.4269146,24.646326,0.7318497,0.90916854,1.40757095e-08,2018-01-28 07:45:00,2018-01-31,1.46,1.4399999678134918,10.669999761506917,307.5,1
74,0.5332794,0.39270377,25.02965,0.70780855,0.90987,1.1322868e-08,2018-01-28 08:15:00,2018-01-31,1.69,1.4299999680370092,10.619999762624502,307.5,1
75,0.4347275,0.32960874,26.804405,0.7242621,0.9247957,1.1188433e-08,2018-01-28 08:30:00,2018-01-31,1.82,1.4299999680370092,10.619999762624502,307.5,1
76,0.4834998,0.35024995,25.880821,0.6933233,0.9135108,1.1576276e-08,2018-01-28 09:00:00,2018-01-31,2.12,1.4299999680370092,10.64999976195395,307.5,1
77,0.46912667,0.33326483,26.142944,0.7657997,0.9330855,1.2045803e-08,2018-01-28 09:30:00,2018-01-31,2.44,1.4299999680370092,10.64999976195395,307.5,1
78,0.45533976,0.31631482,26.402035,0.7799228,0.9394268,1.3057701e-08,2018-01-28 10:15:00,2018-01-31,2.91,1.4499999675899744,10.719999760389328,307.5,1
79,0.44356978,0.32911628,26.629507,0.7848656,0.9413429,1.3091665e-08,2018-01-28 10:30:00,2018-01-31,3.06,1.4499999675899744,10.719999760389328,307.5,1
80,0.48690695,0.36900213,25.819828,0.7953099,0.9408921,1.4159582e-08,2018-01-28 11:00:00,2018-01-31,3.33,1.499999966472387,10.83999975770712,307.5,1
81,0.4670733,0.3184871,26.181046,0.801228,0.94001514,1.23476696e-08,2018-01-28 11:15:00,2018-01-31,3.44,1.499999966472387,10.83999975770712,307.5,1
82,0.45965403,0.3134853,26.320126,0.794377,0.93902236,1.2000356e-08,2018-01-28 11:30:00,2018-01-31,3.54,1.499999966472387,10.83999975770712,307.5,1
83,0.4753623,0.3895828,26.028252,0.8061016,0.94581026,1.38026905e-08,2018-01-28 11:45:00,2018-01-31,3.63,1.499999966472387,10.83999975770712,307.5,1
84,0.47897887,0.39193606,25.96242,0.7748618,0.9382406,1.4219069e-08,2018-01-28 12:00:00,2018-01-31,3.7,1.5599999651312828,11.009999753907325,307.5,1
85,0.45656544,0.33710742,26.378685,0.81868,0.9500742,1.2240832e-08,2018-01-28 12:15:00,2018-01-31,3.75,1.5599999651312828,11.009999753907325,307.5,1
86,0.47825104,0.36678863,25.975628,0.79756355,0.94272184,1.2909084e-08,2018-01-28 12:30:00,2018-01-31,3.79,1.5599999651312828,11.009999753907325,307.5,1
87,0.47089547,0.35255906,26.110256,0.81398976,0.95038694,1.2465449e-08,2018-01-28 12:45:00,2018-01-31,3.81,1.5599999651312828,11.009999753907325,307.5,1
88,0.46628547,0.35434812,26.19571,0.7991549,0.9422857,1.2480655e-08,2018-01-28 13:00:00,2018-01-31,3.8,1.6099999640136955,11.669999739155172,307.5,1
89,0.4257908,0.34039867,26.984821,0.8082136,0.9506349,1.2670029e-08,2018-01-28 13:15:00,2018-01-31,3.78,1.6099999640136955,11.669999739155172,307.5,1
90,0.4024613,0.31163454,27.474264,0.8195295,0.955297,1.2103072e-08,2018-01-28 13:30:00,2018-01-31,3.74,1.6099999640136955,11.669999739155172,307.5,1
91,0.4334211,0.2921099,26.830545,0.8296693,0.95489913,1.1267161e-08,2018-01-28 13:45:00,2018-01-31,3.67,1.6099999640136955,11.669999739155172,307.5,1
92,0.37184808,0.26854825,28.161434,0.8159476,0.9549581,1.1529352e-08,2018-01-28 14:00:00,2018-01-31,3.59,1.699999962002039,12.249999726191165,307.5,1
93,0.50159043,0.32033527,25.561762,0.7686163,0.9336703,1.1086485e-08,2018-01-28 14:15:00,2018-01-31,3.49,1.699999962002039,12.249999726191165,307.5,1
94,0.3818229,0.2678358,27.931507,0.7847227,0.9453854,1.0364261e-08,2018-01-28 14:30:00,2018-01-31,3.37,1.699999962002039,12.249999726191165,307.5,1
95,0.5459571,0.35875356,24.825577,0.7293368,0.9226579,9.784145e-09,2018-01-28 14:45:00,2018-01-31,3.24,1.699999962002039,12.249999726191165,307.5,1
96,0.59047014,0.38735855,24.144789,0.7167242,0.9163644,9.359354e-09,2018-01-28 15:00:00,2018-01-31,3.09,1.7899999599903822,12.42999972216785,307.5,1
97,0.5934892,0.39612225,24.10049,0.7080414,0.915056,9.2501296e-09,2018-01-28 15:15:00,2018-01-31,2.93,1.7899999599903822,12.42999972216785,307.5,1
98,0.5610899,0.3812954,24.588097,0.70271367,0.91612893,9.622141e-09,2018-01-28 15:45:00,2018-01-31,2.57,1.7899999599903822,12.42999972216785,307.5,1
99,0.66162175,0.43359497,23.156551,0.67458403,0.9010684,9.666508e-09,2018-01-28 16:00:00,2018-01-31,2.38,1.8699999582022429,12.42999972216785,307.5,1
100,0.6078651,0.4155002,23.892603,0.6729263,0.90601563,9.795002e-09,2018-01-28 16:15:00,2018-01-31,2.2,1.8699999582022429,12.42999972216785,307.5,1
101,0.6033256,0.3792298,23.95771,0.7194088,0.9150723,1.1189741e-08,2018-01-28 16:30:00,2018-01-31,2.02,1.8699999582022429,12.42999972216785,307.5,1
102,0.58932626,0.40235403,24.16163,0.68901473,0.90843904,1.1345918e-08,2018-01-28 16:45:00,2018-01-31,1.86,1.8699999582022429,12.42999972216785,307.5,1
103,0.5768325,0.40063953,24.347752,0.6732212,0.9105087,1.2331128e-08,2018-01-28 17:15:00,2018-01-31,1.57,1.919999957084656,12.379999723285437,307.5,1
104,0.68978953,0.47720388,22.794415,0.6354475,0.883005,1.1998566e-08,2018-01-29 08:45:00,2018-01-31,1.21,1.959999956190586,12.81999971345067,307.5,1
105,0.6080676,0.41333497,23.88971,0.6783619,0.9055968,1.1719976e-08,2018-01-29 09:00:00,2018-01-31,1.34,1.959999956190586,12.81999971345067,307.5,1
106,0.5782749,0.40353984,24.32606,0.6779432,0.9123975,1.1514118e-08,2018-01-29 09:15:00,2018-01-31,1.48,1.959999956190586,12.81999971345067,307.5,1
107,0.47536895,0.34352675,26.02813,0.7349613,0.9321175,1.1728957e-08,2018-01-29 09:30:00,2018-01-31,1.64,1.959999956190586,12.81999971345067,307.5,1
108,0.5123703,0.37198508,25.377068,0.6941258,0.91956455,1.0991698e-08,2018-01-29 10:00:00,2018-01-31,1.99,1.959999956190586,12.879999712109566,307.5,1
109,0.45156112,0.346031,26.474415,0.7041849,0.92470056,1.1030323e-08,2018-01-29 10:15:00,2018-01-31,2.18,1.959999956190586,12.879999712109566,307.5,1
110,0.39861867,0.29670504,27.557594,0.742232,0.93541455,1.1700621e-08,2018-01-29 10:30:00,2018-01-31,2.37,1.959999956190586,12.879999712109566,307.5,1
111,0.35604936,0.2672252,28.538542,0.7587208,0.94318014,1.1428568e-08,2018-01-29 10:45:00,2018-01-31,2.56,1.959999956190586,12.879999712109566,307.5,1
112,0.3584798,0.26225233,28.479452,0.7797679,0.9499988,1.1360555e-08,2018-01-29 11:00:00,2018-01-31,2.75,1.9499999564141035,12.899999711662533,307.5,1
113,0.34995744,0.25455907,28.688442,0.8036794,0.95177466,1.2055011e-08,2018-01-29 11:15:00,2018-01-31,2.93,1.9499999564141035,12.899999711662533,307.5,1
114,0.37934163,0.27356446,27.988136,0.81355876,0.94961905,1.2008201e-08,2018-01-29 11:30:00,2018-01-31,3.11,1.9499999564141035,12.899999711662533,307.5,1
115,0.3830536,0.29248068,27.903555,0.8308337,0.9502628,1.2506263e-08,2018-01-29 11:45:00,2018-01-31,3.28,1.9499999564141035,12.899999711662533,307.5,1
116,0.43200257,0.32883155,26.85902,0.80972266,0.9402652,1.2333146e-08,2018-01-29 12:15:00,2018-01-31,3.58,1.959999956190586,12.899999711662533,307.5,1
117,0.44198656,0.3548523,26.660564,0.7876046,0.9325005,1.2458798e-08,2018-01-29 12:45:00,2018-01-31,3.81,1.959999956190586,12.899999711662533,307.5,1
118,0.5408733,0.3691376,24.906836,0.8163751,0.93065697,1.2280708e-08,2018-01-29 13:00:00,2018-01-31,3.9,1.9499999564141035,12.989999709650874,307.5,1
119,0.46594682,0.35911432,26.202019,0.8129895,0.9357421,1.3092546e-08,2018-01-29 13:15:00,2018-01-31,3.97,1.9499999564141035,12.989999709650874,307.5,1
120,0.4436051,0.3308369,26.628815,0.8057124,0.93643856,1.33658205e-08,2018-01-29 13:30:00,2018-01-31,4.01,1.9499999564141035,12.989999709650874,307.5,1
121,0.47143355,0.35989338,26.100336,0.80780107,0.93490726,1.3259637e-08,2018-01-29 13:45:00,2018-01-31,4.03,1.9499999564141035,12.989999709650874,307.5,1
122,0.46643767,0.33776337,26.192875,0.7898176,0.92493266,1.214616e-08,2018-01-29 14:00:00,2018-01-31,4.03,1.969999955967069,12.879999712109566,307.5,1
123,0.5200809,0.33353138,25.247328,0.8073388,0.9404179,1.1069233e-08,2018-01-29 14:15:00,2018-01-31,4.0,1.969999955967069,12.879999712109566,307.5,1
124,0.45106357,0.34477046,26.483992,0.80583405,0.93982786,1.2484804e-08,2018-01-29 14:30:00,2018-01-31,3.94,1.969999955967069,12.879999712109566,307.5,1
125,0.45416972,0.35546136,26.424383,0.79888934,0.9355848,1.2186803e-08,2018-01-29 14:45:00,2018-01-31,3.87,1.969999955967069,12.879999712109566,307.5,1
126,0.4153612,0.32562685,27.200228,0.80363846,0.94008386,1.2186604e-08,2018-01-29 15:00:00,2018-01-31,3.77,1.9499999564141035,12.869999712333083,307.5,1
127,0.37469006,0.28131133,28.095303,0.83015865,0.95021707,1.1706817e-08,2018-01-29 15:15:00,2018-01-31,3.65,1.9499999564141035,12.869999712333083,307.5,1
128,0.46733868,0.30001116,26.176111,0.7888176,0.9392368,1.0436651e-08,2018-01-29 15:30:00,2018-01-31,3.52,1.9499999564141035,12.869999712333083,307.5,1
129,0.35668355,0.25204825,28.523085,0.81783205,0.95334727,1.10030385e-08,2018-01-29 15:45:00,2018-01-31,3.36,1.9499999564141035,12.869999712333083,307.5,1
130,0.3652252,0.2669096,28.317532,0.7625632,0.94565046,9.993073e-09,2018-01-29 16:00:00,2018-01-31,3.18,1.969999955967069,12.749999715015292,307.5,1
131,0.44871762,0.35562754,26.529284,0.6833484,0.92033345,9.429442e-09,2018-01-29 16:15:00,2018-01-31,2.98,1.969999955967069,12.749999715015292,307.5,1
132,0.4267738,0.32761282,26.96479,0.717935,0.9293068,1.0341324e-08,2018-01-29 16:30:00,2018-01-31,2.78,1.969999955967069,12.749999715015292,307.5,1
133,0.48044175,0.37378877,25.935932,0.7781921,0.9397138,1.3105279e-08,2018-01-29 17:00:00,2018-01-31,2.34,1.9899999555200336,12.689999716356397,307.5,1
134,0.55186296,0.4074034,24.73212,0.68615454,0.90797776,1.3814713e-08,2018-01-30 09:45:00,2018-01-31,1.02,1.919999957084656,13.309999702498317,307.5,1
135,0.5217469,0.3958863,25.21955,0.67265624,0.9098671,1.330136e-08,2018-01-30 10:00:00,2018-01-31,1.17,1.919999957084656,13.23999970406294,307.5,1
136,0.4311379,0.3272131,26.876423,0.7371275,0.9389829,1.2979257e-08,2018-01-30 10:30:00,2018-01-31,1.54,1.919999957084656,13.23999970406294,307.5,1
137,0.43102476,0.33768916,26.878702,0.7294758,0.9321501,1.3639607e-08,2018-01-30 10:45:00,2018-01-31,1.74,1.919999957084656,13.23999970406294,307.5,1
138,0.4267701,0.337965,26.964867,0.721205,0.9352922,1.2723973e-08,2018-01-30 11:00:00,2018-01-31,1.96,1.8999999575316904,13.199999704957008,307.5,1
139,0.4125688,0.31983125,27.25882,0.8150672,0.945791,1.4260252e-08,2018-01-30 11:30:00,2018-01-31,2.4,1.8999999575316904,13.199999704957008,307.5,1
140,0.39130557,0.31471193,27.718426,0.8141862,0.9478845,1.3896852e-08,2018-01-30 11:45:00,2018-01-31,2.62,1.8999999575316904,13.199999704957008,307.5,1
141,0.37708023,0.29361695,28.04007,0.82352316,0.9484345,1.2780504e-08,2018-01-30 12:00:00,2018-01-31,2.84,1.8799999579787257,13.119999706745148,307.5,1
142,0.37682736,0.28192592,28.045898,0.82936984,0.94804084,1.2867275e-08,2018-01-30 12:15:00,2018-01-31,3.06,1.8799999579787257,13.119999706745148,307.5,1
143,0.3812755,0.2838824,27.94397,0.8264927,0.95497835,1.2078573e-08,2018-01-30 12:30:00,2018-01-31,3.26,1.8799999579787257,13.119999706745148,307.5,1
144,0.5104369,0.32721308,25.409904,0.8068809,0.93850803,1.253855e-08,2018-01-30 12:45:00,2018-01-31,3.46,1.8799999579787257,13.119999706745148,307.5,1
145,0.45401978,0.3232365,26.42725,0.8227601,0.94237655,1.2435521e-08,2018-01-30 13:00:00,2018-01-31,3.63,1.8699999582022429,13.039999708533289,307.5,1
146,0.5281852,0.44090113,25.113022,0.73733294,0.91422796,1.4021651e-08,2018-01-30 14:00:00,2018-01-31,4.13,1.8799999579787257,12.969999710097907,307.5,1
147,0.47552982,0.3866282,26.02519,0.77828217,0.93049544,1.4946465e-08,2018-01-30 14:30:00,2018-01-31,4.23,1.8799999579787257,12.969999710097907,307.5,1
148,0.4716425,0.36779478,26.096487,0.7829722,0.9313773,1.2258397e-08,2018-01-30 15:15:00,2018-01-31,4.17,1.8299999590963123,12.889999711886048,307.5,1
149,0.48016235,0.37494144,25.940983,0.773833,0.92655426,1.3040079e-08,2018-01-30 15:30:00,2018-01-31,4.1,1.8299999590963123,12.889999711886048,307.5,1
150,0.45851946,0.35775393,26.34159,0.7904551,0.9337846,1.3409817e-08,2018-01-30 15:45:00,2018-01-31,4.0,1.8299999590963123,12.889999711886048,307.5,1
151,0.43248698,0.2953454,26.849285,0.8234534,0.9459798,1.1023786e-08,2018-01-30 16:00:00,2018-01-31,3.88,1.8499999586492777,12.749999715015292,307.5,1
152,0.41581133,0.31649065,27.190819,0.80064,0.93852925,1.1997258e-08,2018-01-30 16:15:00,2018-01-31,3.73,1.8499999586492777,12.749999715015292,307.5,1
153,0.3850103,0.27094918,27.859299,0.8325777,0.95374227,1.0894297e-08,2018-01-30 16:30:00,2018-01-31,3.57,1.8499999586492777,12.749999715015292,307.5,1
154,0.39468485,0.2743286,27.643738,0.81688255,0.9452361,1.0354938e-08,2018-01-30 16:45:00,2018-01-31,3.37,1.8499999586492777,12.749999715015292,307.5,1
155,0.36944535,0.26197326,28.217743,0.78686893,0.9459083,1.1285948e-08,2018-01-30 17:15:00,2018-01-31,2.93,1.8499999586492777,12.489999720826743,307.5,1
156,0.36387286,0.2899376,28.205944,0.8221475,0.93829477,1.6741467e-08,2021-03-01 06:30:00,2021-03-03,3.9988,1.2999999709427357,14.229999681934714,292.5,0
157,0.3562246,0.2605696,28.390457,0.8870347,0.9543954,1.5574841e-08,2021-03-01 06:45:00,2021-03-03,3.8125,1.2999999709427357,14.229999681934714,292.5,0
158,0.35203293,0.24653313,28.49327,0.94169885,0.96821946,1.602129e-08,2021-03-01 07:15:00,2021-03-03,3.3611,1.2799999713897705,14.129999684169888,292.5,0
159,0.2559281,0.17727512,31.262577,0.9471851,0.9726915,1.7203405e-08,2021-03-01 07:45:00,2021-03-03,2.8363,1.2799999713897705,14.129999684169888,292.5,0
160,0.25020128,0.16138501,31.459145,0.9476847,0.97300464,1.7006641e-08,2021-03-01 08:00:00,2021-03-03,2.5757,1.2799999713897705,14.09999968484044,292.5,0
161,0.33886164,0.2323946,28.824486,0.8710807,0.95488966,1.784062e-08,2021-03-01 08:15:00,2021-03-03,2.2944,1.2799999713897705,14.09999968484044,292.5,0
162,0.25483474,0.16305932,31.299763,0.97060364,0.97708756,1.6582447e-08,2021-03-01 08:30:00,2021-03-03,2.0161,1.2799999713897705,14.09999968484044,292.5,0
163,0.2640442,0.16479975,30.991404,0.9629247,0.9732275,1.6537825e-08,2021-03-01 08:45:00,2021-03-03,1.7527,1.2799999713897705,14.09999968484044,292.5,0
164,0.25518197,0.17124288,31.287937,0.9358239,0.969771,1.6805075e-08,2021-03-01 09:00:00,2021-03-03,1.4892,1.2799999713897705,14.16999968327582,292.5,0
165,0.26917014,0.1771145,30.824398,0.95426697,0.97253716,1.7732248e-08,2021-03-01 09:15:00,2021-03-03,1.2505,1.2799999713897705,14.16999968327582,292.5,0
166,0.32131818,0.22073367,29.28623,0.91578436,0.9626148,1.7266956e-08,2021-03-01 09:30:00,2021-03-03,1.0691,1.2799999713897705,14.16999968327582,292.5,0
167,0.3696198,0.24704921,28.069832,0.91336024,0.95750004,2.0095058e-08,2021-03-01 13:00:00,2021-03-03,1.1307,1.3099999707192185,15.079999662935734,292.5,0
168,0.35796413,0.23857804,28.348146,0.90801054,0.9578885,1.948544e-08,2021-03-01 13:15:00,2021-03-03,1.3842,1.3099999707192185,15.079999662935734,292.5,0
169,0.34681797,0.2281551,28.622904,0.89867806,0.9554294,1.834843e-08,2021-03-01 13:30:00,2021-03-03,1.6313,1.3099999707192185,15.079999662935734,292.5,0
170,0.37891066,0.27258313,27.854198,0.8395261,0.9408775,1.7565668e-08,2021-03-01 13:45:00,2021-03-03,1.9065,1.3099999707192185,15.079999662935734,292.5,0
171,0.41178712,0.31467426,27.131481,0.78313565,0.92724586,1.720565e-08,2021-03-01 14:00:00,2021-03-03,2.1725,1.3099999707192185,15.329999657347798,292.5,0
172,0.47619805,0.3755502,25.869184,0.72967046,0.9218127,1.7428107e-08,2021-03-01 14:15:00,2021-03-03,2.4132,1.3099999707192185,15.329999657347798,292.5,0
173,0.55200815,0.45324013,24.586027,0.7476683,0.91338235,1.9643721e-08,2021-03-01 14:30:00,2021-03-03,2.6837,1.3099999707192185,15.329999657347798,292.5,0
174,0.556317,0.47691742,24.51849,0.6984636,0.9020939,1.9836477e-08,2021-03-01 14:45:00,2021-03-03,2.9525,1.3099999707192185,15.329999657347798,292.5,0
175,0.36987874,0.2618115,28.063747,0.86084336,0.9494503,1.6994761e-08,2021-03-01 15:00:00,2021-03-03,3.1943,1.2999999709427357,15.479999653995035,292.5,0
176,0.41456005,0.32476988,27.073187,0.76827735,0.91929775,1.5100653e-08,2021-03-01 15:15:00,2021-03-03,3.4385,1.2999999709427357,15.479999653995035,292.5,0
177,0.46629936,0.36783433,26.05164,0.7230119,0.90718615,1.7774056e-08,2021-03-01 15:30:00,2021-03-03,3.6699,1.2999999709427357,15.479999653995035,292.5,0
178,0.38438475,0.31478685,27.729614,0.7866268,0.92979443,1.7572404e-08,2021-03-01 15:45:00,2021-03-03,3.8762,1.2999999709427357,15.479999653995035,292.5,0
179,0.5131582,0.38202327,25.21991,0.9252264,0.95503366,1.4955589e-08,2021-03-01 16:00:00,2021-03-03,4.0446,1.289999971166253,15.60999965108931,292.5,0
180,0.43919417,0.31829077,26.571804,0.9236119,0.9538581,1.4962353e-08,2021-03-01 16:15:00,2021-03-03,4.1832,1.289999971166253,15.60999965108931,292.5,0
181,0.47717625,0.3771079,25.85136,0.8269133,0.9345448,1.6038456e-08,2021-03-01 16:30:00,2021-03-03,4.3103,1.289999971166253,15.60999965108931,292.5,0
182,0.51031774,0.40089458,25.268124,0.8848118,0.9554617,1.5768762e-08,2021-03-01 16:45:00,2021-03-03,4.4097,1.289999971166253,15.60999965108931,292.5,0
183,0.7278722,0.6378973,22.183834,0.5921922,0.8342138,1.9614845e-08,2021-03-01 17:15:00,2021-03-03,4.486,1.2799999713897705,15.579999651759865,292.5,0
184,0.5675688,0.46402055,24.344566,0.71808314,0.8940727,1.7030658e-08,2021-03-01 17:30:00,2021-03-03,4.4793,1.2799999713897705,15.579999651759865,292.5,0
185,0.28997278,0.19196707,30.177792,0.95667857,0.9721397,1.7079685e-08,2021-03-01 17:45:00,2021-03-03,4.4239,1.2799999713897705,15.579999651759865,292.5,0
186,0.33415663,0.22662881,28.945934,0.9616876,0.9626786,1.9457161e-08,2021-03-02 06:45:00,2021-03-03,4.2619,1.0699999760836365,13.47999969869852,292.5,0
187,0.59671557,0.5052992,23.909588,0.7494088,0.88771886,1.985785e-08,2021-03-02 07:00:00,2021-03-03,4.1099,1.0499999765306711,13.329999702051282,292.5,0
188,0.34271428,0.23912035,28.726292,0.94439703,0.96465415,1.5204478e-08,2021-03-02 07:30:00,2021-03-03,3.7586,1.0499999765306711,13.329999702051282,292.5,0
189,0.37611994,0.2910392,27.918407,0.91609585,0.9666428,1.4815782e-08,2021-03-02 07:45:00,2021-03-03,3.5359,1.0499999765306711,13.329999702051282,292.5,0
190,0.3642295,0.2752388,28.197433,0.87469465,0.95668435,1.54605e-08,2021-03-02 08:00:00,2021-03-03,3.2991,1.0399999767541883,13.149999706074595,292.5,0
191,0.3825482,0.27777988,27.771212,0.82228094,0.9413442,1.6431926e-08,2021-03-02 08:15:00,2021-03-03,3.0337,1.0399999767541883,13.149999706074595,292.5,0
192,0.271311,0.17825659,30.755587,0.90968764,0.96664506,1.6770912e-08,2021-03-02 08:30:00,2021-03-03,2.7641,1.0399999767541883,13.149999706074595,292.5,0
193,0.32910797,0.22235064,29.078169,0.8656009,0.95230365,1.665137e-08,2021-03-02 08:45:00,2021-03-03,2.4959,1.0399999767541883,13.149999706074595,292.5,0
194,0.24025524,0.150997,31.811478,0.9614756,0.9776064,1.6639262e-08,2021-03-02 09:00:00,2021-03-03,2.2199,1.0499999765306711,13.019999708980322,292.5,0
195,0.26258305,0.16521299,31.039602,0.9657158,0.9775691,1.8000748e-08,2021-03-02 09:15:00,2021-03-03,1.9521,1.0499999765306711,13.019999708980322,292.5,0
196,0.27411696,0.16691339,30.666218,0.96062684,0.97684085,1.788851e-08,2021-03-02 09:30:00,2021-03-03,1.6797,1.0499999765306711,13.019999708980322,292.5,0
197,0.27161685,0.17316821,30.745802,0.96113783,0.9756249,1.8476726e-08,2021-03-02 09:45:00,2021-03-03,1.4463,1.0499999765306711,13.019999708980322,292.5,0
198,0.24895391,0.17939062,31.502556,0.93454856,0.9706863,1.7957774e-08,2021-03-02 10:00:00,2021-03-03,1.209,1.0499999765306711,13.00999970920384,292.5,0
199,0.24449115,0.18702213,31.659672,0.9203507,0.96896064,1.7787329e-08,2021-03-02 10:15:00,2021-03-03,1.0385,1.0499999765306711,13.00999970920384,292.5,0
200,0.31798923,0.21203507,29.376688,0.9305775,0.9661404,2.0388256e-08,2021-03-02 13:30:00,2021-03-03,1.0131,1.0899999756366014,13.219999704509974,292.5,0
201,0.3378091,0.22460473,28.85151,0.92472076,0.9650569,2.0098497e-08,2021-03-02 13:45:00,2021-03-03,1.205,1.0899999756366014,13.219999704509974,292.5,0
202,0.38224676,0.27545506,27.778059,0.88393724,0.951754,1.9842105e-08,2021-03-02 14:00:00,2021-03-03,1.4448,1.099999975413084,13.519999697804453,292.5,0
203,0.47549012,0.39082384,25.882107,0.78292793,0.9269256,1.9518438e-08,2021-03-02 14:15:00,2021-03-03,1.6823,1.099999975413084,13.519999697804453,292.5,0
204,0.49873352,0.42220962,25.467566,0.7455514,0.9199623,1.7719202e-08,2021-03-02 14:30:00,2021-03-03,1.9622,1.099999975413084,13.519999697804453,292.5,0
205,0.39240277,0.29336175,27.550295,0.8208664,0.942093,1.5792551e-08,2021-03-02 14:45:00,2021-03-03,2.2176,1.099999975413084,13.519999697804453,292.5,0
206,0.49079448,0.33026794,25.606943,0.86294365,0.94197047,1.3443497e-08,2021-03-02 15:00:00,2021-03-03,2.4564,1.1099999751895666,14.16999968327582,292.5,0
207,0.38871205,0.2867121,27.632376,0.85868096,0.9483768,1.3942383e-08,2021-03-02 15:15:00,2021-03-03,2.7172,1.1099999751895666,14.16999968327582,292.5,0
208,0.3447899,0.26242173,28.673845,0.8806993,0.9488542,1.4432317e-08,2021-03-02 15:30:00,2021-03-03,2.9643,1.1099999751895666,14.16999968327582,292.5,0
209,0.32684973,0.22507662,29.137974,0.8932154,0.961659,1.688312e-08,2021-03-02 15:45:00,2021-03-03,3.1886,1.1099999751895666,14.16999968327582,292.5,0
210,0.31566146,0.22878131,29.440506,0.8763311,0.94987565,1.5824185e-08,2021-03-02 16:00:00,2021-03-03,3.4181,1.1099999751895666,15.119999662041664,292.5,0
211,0.37466633,0.28846318,27.952042,0.9130159,0.9626614,1.4680211e-08,2021-03-02 16:30:00,2021-03-03,3.8207,1.1099999751895666,15.119999662041664,292.5,0
212,0.33800268,0.25161484,28.846533,0.8765262,0.95136136,1.5586977e-08,2021-03-02 16:45:00,2021-03-03,3.9785,1.1099999751895666,15.119999662041664,292.5,0
213,0.37277785,0.2402158,27.995934,0.932917,0.9576576,1.6095441e-08,2021-03-02 17:00:00,2021-03-03,4.1193,1.1299999747425318,15.479999653995035,292.5,0
214,0.60856396,0.4656157,23.738811,0.83071375,0.9185998,1.1424305e-08,2021-03-02 18:00:00,2021-03-03,4.388,1.1399999745190144,15.549999652430415,277.5,0
215,0.2742445,0.18902424,30.662178,0.9307798,0.96847254,1.7306405e-08,2021-03-04 06:45:00,2021-03-03,4.271,0.979999978095293,11.549999741837382,292.5,0
216,0.2420632,0.17082494,31.74636,0.9509934,0.97435653,1.7737847e-08,2021-03-04 07:00:00,2021-03-03,4.281,0.959999978542328,11.559999741613863,292.5,0
217,0.28445065,0.20195253,30.344799,0.9534633,0.97477746,1.6789443e-08,2021-03-04 07:15:00,2021-03-03,4.2742,0.959999978542328,11.559999741613863,292.5,0
218,0.282276,0.21254395,30.411457,0.90548474,0.96346796,1.7509308e-08,2021-03-04 07:30:00,2021-03-03,4.2319,0.959999978542328,11.559999741613863,292.5,0
219,0.2820409,0.20357402,30.418694,0.9198097,0.9657767,1.698811e-08,2021-03-04 07:45:00,2021-03-03,4.1717,0.959999978542328,11.559999741613863,292.5,0
220,0.35010338,0.23694152,28.54101,0.9102837,0.96211106,1.7867961e-08,2021-03-04 08:45:00,2021-03-03,3.7454,0.9399999789893628,11.45999974384904,292.5,0
221,0.35096887,0.23366416,28.519564,0.9242909,0.96510476,1.8522627e-08,2021-03-04 09:15:00,2021-03-03,3.4121,0.9199999794363976,11.369999745860696,292.5,0
222,0.33747622,0.22976726,28.860073,0.9060182,0.96321106,1.8503783e-08,2021-03-04 09:30:00,2021-03-03,3.2177,0.9199999794363976,11.369999745860696,292.5,0
223,0.3359772,0.23506075,28.898739,0.8855162,0.9583789,1.8027492e-08,2021-03-04 09:45:00,2021-03-03,3.0119,0.9199999794363976,11.369999745860696,292.5,0
224,0.34996885,0.26457515,28.544348,0.8474339,0.9499492,1.8845157e-08,2021-03-04 10:00:00,2021-03-03,2.7929,0.909999979659915,11.22999974898994,292.5,0
225,0.30520886,0.19079065,29.732994,0.92193913,0.9668835,1.7617253e-08,2021-03-04 10:15:00,2021-03-03,2.5789,0.909999979659915,11.22999974898994,292.5,0
226,0.3024403,0.18282661,29.812143,0.9373553,0.97129345,1.7212272e-08,2021-03-04 10:30:00,2021-03-03,2.3545,0.909999979659915,11.22999974898994,292.5,0
227,0.2518671,0.1594679,31.401508,0.9704167,0.979948,1.7868928e-08,2021-03-04 11:00:00,2021-03-03,1.9089,0.8999999798834324,11.0799997523427,292.5,0
228,0.2618902,0.18660448,31.06255,0.94970775,0.9726245,1.9187695e-08,2021-03-04 11:45:00,2021-03-03,1.3533,0.8999999798834324,11.0799997523427,292.5,0
229,0.25783044,0.19049266,31.198252,0.9271456,0.9659128,1.8597916e-08,2021-03-04 12:00:00,2021-03-03,1.2053,0.8899999801069498,10.95999975502491,292.5,0
230,0.2624287,0.18749814,31.04471,0.93467724,0.9653477,1.9819822e-08,2021-03-04 12:15:00,2021-03-03,1.089,0.8899999801069498,10.95999975502491,292.5,0
231,0.28860044,0.22723734,30.218994,0.88898194,0.95371306,1.9625418e-08,2021-03-04 12:30:00,2021-03-03,1.0103,0.8899999801069498,10.95999975502491,292.5,0
232,0.2590985,0.17992741,31.155638,0.94569856,0.9680959,1.9448038e-08,2021-03-04 14:15:00,2021-03-03,1.0819,0.8499999810010195,10.799999758601189,292.5,0
233,0.24452232,0.172157,31.658566,0.95436305,0.97218305,1.944116e-08,2021-03-04 14:30:00,2021-03-03,1.2017,0.8499999810010195,10.799999758601189,292.5,0
234,0.27505633,0.18079033,30.636503,0.9559254,0.97151846,1.9002442e-08,2021-03-04 14:45:00,2021-03-03,1.3502,0.8499999810010195,10.799999758601189,292.5,0
235,0.27925992,0.1822735,30.504765,0.95473945,0.9760504,1.7552225e-08,2021-03-04 15:00:00,2021-03-03,1.4995,0.8299999814480543,10.759999759495258,292.5,0
236,0.24816409,0.15209672,31.530157,0.96402705,0.9774318,1.7104952e-08,2021-03-04 15:15:00,2021-03-03,1.6533,0.8299999814480543,10.759999759495258,292.5,0
237,0.28256238,0.16714136,30.402649,0.9434982,0.9708122,1.785341e-08,2021-03-04 15:30:00,2021-03-03,1.8386,0.8299999814480543,10.759999759495258,292.5,0
238,0.32411954,0.22149764,29.21083,0.8920377,0.958218,1.7715223e-08,2021-03-04 15:45:00,2021-03-03,2.0308,0.8299999814480543,10.759999759495258,292.5,0
239,0.3530628,0.25888845,28.467896,0.8677836,0.95529824,1.8801245e-08,2021-03-04 16:00:00,2021-03-03,2.2324,0.8199999816715717,10.679999761283398,292.5,0
240,0.32022613,0.22145063,29.3158,0.8978462,0.9631071,1.7772038e-08,2021-03-04 16:15:00,2021-03-03,2.4181,0.8199999816715717,10.679999761283398,292.5,0
241,0.3159744,0.20516945,29.431898,0.8974329,0.964582,1.8084108e-08,2021-03-04 16:30:00,2021-03-03,2.6115,0.8199999816715717,10.679999761283398,292.5,0
242,0.34056237,0.22143702,28.781002,0.88297206,0.95713085,1.828721e-08,2021-03-04 16:45:00,2021-03-03,2.8079,0.8199999816715717,10.679999761283398,292.5,0
243,0.32882982,0.2413104,29.085512,0.93317205,0.96264863,1.9215122e-08,2021-03-04 17:15:00,2021-03-03,3.1881,0.8099999818950891,10.559999763965608,292.5,0
244,0.28782734,0.19023448,30.242294,0.95894784,0.970644,2.0036623e-08,2021-03-04 17:30:00,2021-03-03,3.3648,0.8099999818950891,10.559999763965608,292.5,0
245,0.29436147,0.19307834,30.047318,0.9566722,0.9690688,2.0646212e-08,2021-03-04 17:45:00,2021-03-03,3.5194,0.8099999818950891,10.559999763965608,292.5,0
246,0.45729113,0.35566825,26.22108,0.8698761,0.9408746,1.5782518e-08,2021-03-05 06:30:00,2021-03-03,3.5915,0.7699999827891588,13.70999969355762,292.5,0
247,0.30838668,0.203172,29.643024,0.9515668,0.96484697,1.9537708e-08,2021-03-05 07:00:00,2021-03-03,3.7519,0.7599999830126762,13.429999699816108,292.5,0
248,0.4570601,0.3493303,26.22547,0.86907166,0.94005126,1.691015e-08,2021-03-05 07:30:00,2021-03-03,3.8822,0.7599999830126762,13.429999699816108,292.5,0
249,0.65417093,0.53666687,23.11111,0.7460477,0.8912359,1.9000652e-08,2021-03-05 07:45:00,2021-03-03,3.913,0.7599999830126762,13.429999699816108,292.5,0
250,0.34528804,0.21460533,28.661304,0.9602275,0.9635445,1.9353081e-08,2021-03-05 08:00:00,2021-03-03,3.919,0.7699999827891588,13.329999702051282,292.5,0
251,0.5315761,0.39940023,24.913628,0.84901756,0.9489573,1.5909166e-08,2021-03-05 08:15:00,2021-03-03,3.91,0.7699999827891588,13.329999702051282,292.5,0
252,0.36241528,0.24063843,28.240807,0.93296874,0.9664075,1.8909503e-08,2021-03-05 08:30:00,2021-03-03,3.87,0.7699999827891588,13.329999702051282,292.5,0
253,0.40200394,0.25962856,27.34033,0.9498083,0.9677554,1.8717884e-08,2021-03-05 08:45:00,2021-03-03,3.8219,0.7699999827891588,13.329999702051282,292.5,0
254,0.48579827,0.36689556,25.695816,0.8669253,0.9531386,1.6456852e-08,2021-03-05 09:15:00,2021-03-03,3.6746,0.7999999821186066,13.379999700933697,292.5,0
255,0.43446046,0.32953072,26.665932,0.93277836,0.9669227,1.7102934e-08,2021-03-05 09:30:00,2021-03-03,3.5761,0.7999999821186066,13.379999700933697,292.5,0
256,0.3373832,0.26287115,28.862467,0.9271046,0.97027683,1.6257701e-08,2021-03-05 10:00:00,2021-03-03,3.3318,0.8299999814480543,13.639999695122242,292.5,0
257,0.30462644,0.20535174,29.749584,0.96611226,0.9753424,1.6778188e-08,2021-03-05 10:30:00,2021-03-03,3.0136,0.8299999814480543,13.639999695122242,292.5,0
258,0.3998773,0.29495794,27.386402,0.94156057,0.96632254,1.7459769e-08,2021-03-05 10:45:00,2021-03-03,2.8431,0.8299999814480543,13.639999695122242,292.5,0
259,0.3402998,0.24093506,28.787703,0.90719056,0.9643046,1.823932e-08,2021-03-05 11:00:00,2021-03-03,2.6681,0.8699999805539846,13.929999688640237,292.5,0
260,0.36047354,0.2600684,28.287468,0.84958124,0.9474345,1.7192377e-08,2021-03-05 11:15:00,2021-03-03,2.478,0.8699999805539846,13.929999688640237,292.5,0
261,0.40976837,0.32582465,27.174168,0.787818,0.9340207,1.6920353e-08,2021-03-05 11:45:00,2021-03-03,2.1177,0.8699999805539846,13.929999688640237,292.5,0
262,0.40946436,0.3238401,27.180614,0.80131793,0.9328077,1.6790807e-08,2021-03-05 12:00:00,2021-03-03,1.9547,0.92999997921288,14.149999683722854,292.5,0
263,0.32770774,0.21053454,29.1152,0.90714794,0.96208256,1.7261613e-08,2021-03-05 12:15:00,2021-03-03,1.8009,0.92999997921288,14.149999683722854,292.5,0
264,0.3225635,0.20806174,29.252632,0.9142056,0.95900214,1.7083664e-08,2021-03-05 12:45:00,2021-03-03,1.5071,0.92999997921288,14.149999683722854,292.5,0
265,0.25597832,0.16358116,31.260872,0.9530142,0.9729858,1.6791773e-08,2021-03-05 13:00:00,2021-03-03,1.3997,1.0099999774247408,14.199999682605268,292.5,0
266,0.26700792,0.168338,30.894453,0.9546773,0.9728892,1.6411605e-08,2021-03-05 13:15:00,2021-03-03,1.2911,1.0099999774247408,14.199999682605268,292.5,0
267,0.2686186,0.17343983,30.842215,0.9534902,0.971385,1.7134852e-08,2021-03-05 13:30:00,2021-03-03,1.2297,1.0099999774247408,14.199999682605268,292.5,0
268,0.2683096,0.17492223,30.852211,0.9539632,0.97133535,1.7725881e-08,2021-03-05 13:45:00,2021-03-03,1.194,1.0099999774247408,14.199999682605268,292.5,0
269,0.30016539,0.22879723,29.877724,0.88993955,0.95587176,1.727281e-08,2021-03-05 14:00:00,2021-03-03,1.178,1.099999975413084,14.229999681934714,277.5,0
270,0.2717707,0.19549695,30.740883,0.91245466,0.96139956,1.8116907e-08,2021-03-05 14:15:00,2021-03-03,1.1761,1.099999975413084,14.229999681934714,277.5,0
271,0.27439287,0.20625246,30.657478,0.9039722,0.96052235,1.7228501e-08,2021-03-05 14:30:00,2021-03-03,1.192,1.099999975413084,14.229999681934714,277.5,0
272,0.268382,0.1792509,30.849869,0.92552406,0.96395195,1.73672e-08,2021-03-05 14:45:00,2021-03-03,1.2347,1.099999975413084,14.229999681934714,277.5,0
273,0.4361703,0.3596653,26.631813,0.8379141,0.9404361,1.4785201e-08,2021-03-05 15:30:00,2021-03-03,1.5041,1.149999974295497,14.219999682158232,277.5,0
274,0.39563486,0.32177764,27.479046,0.8654534,0.94880885,1.4834569e-08,2021-03-05 15:45:00,2021-03-03,1.6094,1.149999974295497,14.219999682158232,277.5,0
275,0.2884154,0.20758635,30.224566,0.9262096,0.9668556,1.6478822e-08,2021-03-05 16:00:00,2021-03-03,1.7453,1.179999973624945,14.139999683946373,277.5,0
276,0.28514534,0.1711279,30.323612,0.942738,0.97276473,1.6473848e-08,2021-03-05 16:15:00,2021-03-03,1.8645,1.179999973624945,14.139999683946373,277.5,0
277,0.273242,0.16437778,30.693985,0.94283324,0.97363734,1.6814454e-08,2021-03-05 16:30:00,2021-03-03,2.0069,1.179999973624945,14.139999683946373,277.5,0
278,0.29977694,0.2127648,29.888971,0.9449311,0.9669398,1.782331e-08,2021-03-05 16:45:00,2021-03-03,2.1624,1.179999973624945,14.139999683946373,277.5,0
279,0.30061126,0.18810304,29.864832,0.95103896,0.97429174,1.7943137e-08,2021-03-05 17:00:00,2021-03-03,2.3089,1.19999997317791,14.05999968573451,277.5,0
280,0.44698992,0.3594573,26.418982,0.8504249,0.9369981,1.767097e-08,2021-03-05 17:15:00,2021-03-03,2.4531,1.19999997317791,14.05999968573451,277.5,0
281,0.38920537,0.32164228,27.62136,0.8901394,0.95503217,1.643616e-08,2021-03-05 17:30:00,2021-03-03,2.6135,1.19999997317791,14.05999968573451,277.5,0
282,0.55202067,0.4632761,24.585829,0.8447375,0.94098943,1.577925e-08,2021-03-05 18:00:00,2021-03-03,2.929,1.19999997317791,13.889999689534308,277.5,0
283,0.26744,0.19495663,26.719349,0.87880576,0.9129363,1.9054994e-08,2021-06-19 04:15:00,2021-06-21,1.43,1.579999964684248,10.089999774470924,307.5,0
284,0.2143797,0.16958845,28.640203,0.9432409,0.95745844,1.902555e-08,2021-06-19 04:30:00,2021-06-21,1.4902,1.579999964684248,10.089999774470924,307.5,0
285,0.23176146,0.18616998,27.963053,0.9287138,0.9497888,1.8566055e-08,2021-06-19 04:45:00,2021-06-21,1.494,1.579999964684248,10.089999774470924,307.5,0
286,0.19912243,0.15578495,29.281475,0.94174016,0.95071805,2.0046826e-08,2021-06-19 05:00:00,2021-06-21,1.5724,1.5199999660253525,10.079999774694445,307.5,0
287,0.21334259,0.16289738,28.682325,0.93309,0.95424587,1.9388068e-08,2021-06-19 05:30:00,2021-06-21,1.70585,1.5199999660253525,10.079999774694445,307.5,0
288,0.26064807,0.20014003,26.942787,0.8813609,0.9430584,1.9970827e-08,2021-06-19 05:45:00,2021-06-21,1.81,1.5199999660253525,10.079999774694445,307.5,0
289,0.24346614,0.18826078,27.535107,0.8844911,0.9457287,2.0286848e-08,2021-06-19 06:00:00,2021-06-21,1.9175,1.479999966919422,10.089999774470924,307.5,0
290,0.22643942,0.17653982,28.164837,0.8999771,0.9476853,1.9108484e-08,2021-06-19 06:15:00,2021-06-21,2.0214,1.479999966919422,10.089999774470924,307.5,0
291,0.24161635,0.19292665,27.60135,0.864943,0.9345015,1.9436953e-08,2021-06-19 06:30:00,2021-06-21,2.1461,1.479999966919422,10.089999774470924,307.5,0
292,0.23593464,0.18915229,27.808043,0.8680788,0.93775976,1.9222455e-08,2021-06-19 06:45:00,2021-06-21,2.2544,1.479999966919422,10.089999774470924,307.5,0
293,0.2228717,0.182892,28.302778,0.8692003,0.9396801,1.9625361e-08,2021-06-19 07:00:00,2021-06-21,2.4099,1.4299999680370092,10.06999977491796,307.5,0
294,0.22061335,0.17409244,28.391243,0.8827832,0.9361223,1.984813e-08,2021-06-19 07:30:00,2021-06-21,2.6666,1.4299999680370092,10.06999977491796,307.5,0
295,0.22729969,0.18433891,28.1319,0.8769844,0.9373884,1.9787564e-08,2021-06-19 07:45:00,2021-06-21,2.7951,1.4299999680370092,10.06999977491796,307.5,0
296,0.25837755,0.20716013,27.018782,0.8293975,0.92085356,1.8379865e-08,2021-06-19 08:00:00,2021-06-21,2.9347,1.4899999666959047,10.14999977312982,307.5,0
297,0.34066418,0.2715433,24.617348,0.77574104,0.89949393,1.858416e-08,2021-06-19 09:00:00,2021-06-21,3.363,1.4899999666959047,10.009999776259065,307.5,0
298,0.3538166,0.29384008,24.288313,0.7667118,0.9006332,2.0193141e-08,2021-06-19 09:15:00,2021-06-21,3.4485,1.4899999666959047,10.009999776259065,307.5,0
299,0.45322746,0.3995076,22.137554,0.7393867,0.88722,2.213676e-08,2021-06-19 09:45:00,2021-06-21,3.5601,1.4899999666959047,10.009999776259065,307.5,0
300,0.42327526,0.34143302,22.73142,0.7244323,0.8800679,1.9760165e-08,2021-06-19 10:00:00,2021-06-21,3.6149,1.479999966919422,9.809999780729411,307.5,0
301,0.3013383,0.24674948,25.68279,0.80085486,0.9094202,1.8845697e-08,2021-06-19 10:15:00,2021-06-21,3.6117,1.479999966919422,9.809999780729411,307.5,0
302,0.29897127,0.24870677,25.75129,0.8201787,0.91206694,1.9531882e-08,2021-06-19 10:30:00,2021-06-21,3.661,1.479999966919422,9.809999780729411,307.5,0
303,0.3283966,0.2755609,24.935905,0.7933091,0.9030672,1.9516051e-08,2021-06-19 10:45:00,2021-06-21,3.659,1.479999966919422,9.809999780729411,307.5,0
304,0.33129355,0.2798544,24.859617,0.7999704,0.90633696,2.0041512e-08,2021-06-19 11:00:00,2021-06-21,3.6139,1.459999967366457,9.67999978363514,307.5,0
305,0.27547243,0.22806862,26.462315,0.8467381,0.9176069,1.9541659e-08,2021-06-19 11:15:00,2021-06-21,3.5833,1.459999967366457,9.67999978363514,307.5,0
306,0.35980192,0.3016494,24.142609,0.79355025,0.9007803,2.272597e-08,2021-06-19 11:30:00,2021-06-21,3.5389,1.459999967366457,9.67999978363514,307.5,0
307,0.2983691,0.24350995,25.768799,0.8162266,0.90591514,1.9630022e-08,2021-06-19 11:45:00,2021-06-21,3.457,1.459999967366457,9.67999978363514,307.5,0
308,0.41098106,0.35458714,22.987442,0.76833445,0.8929239,2.0774763e-08,2021-06-19 12:00:00,2021-06-21,3.3601,1.4299999680370092,9.559999786317348,307.5,0
309,0.4011934,0.3505672,23.196802,0.76558757,0.89591736,2.2058714e-08,2021-06-19 12:15:00,2021-06-21,3.2679,1.4299999680370092,9.559999786317348,307.5,0
310,0.24834687,0.20100373,27.362703,0.84632695,0.9230054,1.9151287e-08,2021-06-19 12:30:00,2021-06-21,3.1369,1.4299999680370092,9.559999786317348,307.5,0
311,0.28610513,0.22082074,26.133366,0.7929848,0.9118777,1.8738035e-08,2021-06-19 13:00:00,2021-06-21,2.9002,1.4199999682605269,9.36999979056418,307.5,0
312,0.2689216,0.21428294,26.671364,0.8181116,0.9221679,1.9772102e-08,2021-06-19 13:15:00,2021-06-21,2.754,1.4199999682605269,9.36999979056418,307.5,0
313,0.23373953,0.1907999,27.889235,0.87331176,0.9335115,1.950852e-08,2021-06-19 13:30:00,2021-06-21,2.6294,1.4199999682605269,9.36999979056418,307.5,0
314,0.2398529,0.18036613,27.664978,0.8657966,0.93476576,1.937056e-08,2021-06-19 14:00:00,2021-06-21,2.3267,1.3999999687075615,9.209999794140458,307.5,0
315,0.20941095,0.161131,28.84389,0.93889546,0.9473732,1.8474964e-08,2021-06-19 14:45:00,2021-06-21,1.9709,1.3999999687075615,9.209999794140458,307.5,0
316,0.20441698,0.1570616,29.053537,0.9358846,0.95495147,1.92951e-08,2021-06-19 15:00:00,2021-06-21,1.8619,1.3999999687075615,9.049999797716737,307.5,0
317,0.21008171,0.16301909,28.816113,0.9297224,0.9451874,2.0584338e-08,2021-06-19 15:15:00,2021-06-21,1.7749,1.3999999687075615,9.049999797716737,307.5,0
318,0.22396488,0.17552397,28.260279,0.93196774,0.9467692,1.9051953e-08,2021-06-19 15:30:00,2021-06-21,1.6814,1.3999999687075615,9.049999797716737,307.5,0
319,0.19870555,0.15236866,29.299677,0.9288781,0.9514547,2.0889047e-08,2021-06-19 16:15:00,2021-06-21,1.565,1.3599999696016312,8.999999798834324,307.5,0
320,0.23350996,0.17943883,27.89777,0.91029483,0.94337255,2.0206471e-08,2021-06-19 16:30:00,2021-06-21,1.5711,1.3599999696016312,8.999999798834324,307.5,0
321,0.20159742,0.1584949,29.174177,0.9276852,0.9532683,1.977034e-08,2021-06-19 17:00:00,2021-06-21,1.6143,1.3099999707192185,8.999999798834324,307.5,0
322,0.20927961,0.16522425,28.849339,0.90812635,0.94704807,1.9957923e-08,2021-06-19 17:15:00,2021-06-21,1.655,1.3099999707192185,8.999999798834324,307.5,0
323,0.22308525,0.17782241,28.29446,0.8893032,0.9410355,2.022702e-08,2021-06-19 17:30:00,2021-06-21,1.7415,1.3099999707192185,8.999999798834324,307.5,0
324,0.21340822,0.16941895,28.679653,0.9040071,0.94712895,2.0094944e-08,2021-06-19 17:45:00,2021-06-21,1.825,1.3099999707192185,8.999999798834324,307.5,0
325,0.21905369,0.16985732,28.452866,0.9156523,0.9466983,2.0887e-08,2021-06-19 18:00:00,2021-06-21,1.9163,1.2599999718368051,8.989999799057841,307.5,0
326,0.25454694,0.20185402,27.14852,0.87475944,0.9405153,1.9317326e-08,2021-06-19 18:15:00,2021-06-21,2.0037,1.2599999718368051,8.989999799057841,307.5,0
327,0.26544526,0.21790312,26.784378,0.84316415,0.92870533,1.9219613e-08,2021-06-19 18:30:00,2021-06-21,2.1148,1.2599999718368051,8.989999799057841,307.5,0
328,0.3551047,0.2897359,24.256748,0.7347587,0.8960749,1.9300387e-08,2021-06-19 18:45:00,2021-06-21,2.2475,1.2599999718368051,8.989999799057841,307.5,0
329,0.32208264,0.2630699,25.10453,0.7809106,0.9105173,1.9946071e-08,2021-06-19 19:00:00,2021-06-21,2.3759,1.219999972730875,9.049999797716737,307.5,0
330,0.2506222,0.20038913,27.283485,0.8228782,0.91828585,2.0129107e-08,2021-06-19 19:15:00,2021-06-21,2.5101,1.219999972730875,9.049999797716737,307.5,0
331,0.26668796,0.20987044,26.743809,0.82368565,0.9162243,1.9379883e-08,2021-06-19 19:30:00,2021-06-21,2.6443,1.219999972730875,9.049999797716737,307.5,0
332,0.19915667,0.14907229,29.27998,0.9082758,0.9400849,2.121206e-08,2021-06-19 19:45:00,2021-06-21,2.7858,1.219999972730875,9.049999797716737,307.5,0
333,0.3452793,0.27606106,24.500467,0.8901543,0.92262244,1.7382746e-08,2021-06-21 04:15:00,2021-06-21,1.8302,1.529999965801835,11.219999749213455,292.5,0
334,0.3158577,0.25945482,25.274048,0.8781953,0.9339546,1.9779492e-08,2021-06-21 04:45:00,2021-06-21,1.5655,1.529999965801835,11.219999749213455,292.5,0
